{
  "model_type": "TF-IDF + SVM",
  "parameters": {
    "max_features": 5000,
    "ngram_range": [
      1,
      2
    ],
    "min_df": 2,
    "max_df": 0.8
  },
  "performance_metrics": {
    "train_accuracy": 0.9260459403663731,
    "train_f1_macro": 0.9321533751970599,
    "train_f1_weighted": 0.926196619666188,
    "test_accuracy": 0.8571129925786558,
    "test_f1_macro": 0.8591989893763325,
    "test_f1_weighted": 0.8571842703654018,
    "test_precision_macro": 0.8786360639572899,
    "test_recall_macro": 0.8424121762412256,
    "training_time": 9.482640266418457,
    "n_features": 5000,
    "n_samples_train": 38267,
    "n_samples_test": 9567,
    "n_classes": 8
  },
  "classification_report": {
    "Access": {
      "precision": 0.9024216524216524,
      "recall": 0.8891228070175439,
      "f1-score": 0.895722870272181,
      "support": 1425.0
    },
    "Administrative rights": {
      "precision": 0.8299319727891157,
      "recall": 0.6931818181818182,
      "f1-score": 0.7554179566563468,
      "support": 352.0
    },
    "HR Support": {
      "precision": 0.8638863428047663,
      "recall": 0.8634906092533211,
      "f1-score": 0.8636884306987399,
      "support": 2183.0
    },
    "Hardware": {
      "precision": 0.8084382443007826,
      "recall": 0.8725670216672787,
      "f1-score": 0.8392794065701166,
      "support": 2723.0
    },
    "Internal Project": {
      "precision": 0.9040404040404041,
      "recall": 0.8443396226415094,
      "f1-score": 0.8731707317073171,
      "support": 424.0
    },
    "Miscellaneous": {
      "precision": 0.8363769174579986,
      "recall": 0.8109065155807366,
      "f1-score": 0.8234448040273284,
      "support": 1412.0
    },
    "Purchase": {
      "precision": 0.9562363238512035,
      "recall": 0.8864097363083164,
      "f1-score": 0.92,
      "support": 493.0
    },
    "Storage": {
      "precision": 0.9277566539923955,
      "recall": 0.8792792792792793,
      "f1-score": 0.9028677150786308,
      "support": 555.0
    },
    "accuracy": 0.8571129925786558,
    "macro avg": {
      "precision": 0.8786360639572899,
      "recall": 0.8424121762412256,
      "f1-score": 0.8591989893763325,
      "support": 9567.0
    },
    "weighted avg": {
      "precision": 0.8587786060504555,
      "recall": 0.8571129925786558,
      "f1-score": 0.8571842703654018,
      "support": 9567.0
    }
  },
  "confusion_matrix": [
    [
      1267,
      6,
      30,
      77,
      5,
      34,
      2,
      4
    ],
    [
      6,
      244,
      10,
      79,
      1,
      11,
      1,
      0
    ],
    [
      25,
      5,
      1885,
      181,
      13,
      65,
      0,
      9
    ],
    [
      67,
      27,
      129,
      2376,
      10,
      87,
      14,
      13
    ],
    [
      4,
      0,
      25,
      27,
      358,
      10,
      0,
      0
    ],
    [
      29,
      5,
      76,
      135,
      8,
      1145,
      3,
      11
    ],
    [
      4,
      5,
      5,
      33,
      1,
      7,
      437,
      1
    ],
    [
      2,
      2,
      22,
      31,
      0,
      10,
      0,
      488
    ]
  ],
  "classes": [
    "Access",
    "Administrative rights",
    "HR Support",
    "Hardware",
    "Internal Project",
    "Miscellaneous",
    "Purchase",
    "Storage"
  ]
}