{
  "model_type": "TF-IDF + SVM",
  "parameters": {
    "max_features": 6000,
    "ngram_range": [
      1,
      2
    ],
    "min_df": 1,
    "max_df": 0.65,
    "C": 0.4806626099110048
  },
  "performance_metrics": {
    "train_accuracy": 0.931246243499621,
    "train_f1_macro": 0.9368137721406693,
    "train_f1_weighted": 0.9313822762502512,
    "test_accuracy": 0.8600397198703877,
    "test_f1_macro": 0.8610289943264098,
    "test_f1_weighted": 0.8600840974402792,
    "test_precision_macro": 0.8805299703532856,
    "test_recall_macro": 0.8441112449763041,
    "training_time": 20.49558997154236,
    "n_features": 6000,
    "n_samples_train": 38267,
    "n_samples_test": 9567,
    "n_classes": 8
  },
  "classification_report": {
    "Access": {
      "precision": 0.9012082444918266,
      "recall": 0.8898245614035087,
      "f1-score": 0.8954802259887006,
      "support": 1425.0
    },
    "Administrative rights": {
      "precision": 0.8215488215488216,
      "recall": 0.6931818181818182,
      "f1-score": 0.7519260400616334,
      "support": 352.0
    },
    "HR Support": {
      "precision": 0.8675527039413382,
      "recall": 0.8671552908841045,
      "f1-score": 0.8673539518900344,
      "support": 2183.0
    },
    "Hardware": {
      "precision": 0.8122878479293958,
      "recall": 0.8788101358795446,
      "f1-score": 0.844240606808961,
      "support": 2723.0
    },
    "Internal Project": {
      "precision": 0.9045226130653267,
      "recall": 0.8490566037735849,
      "f1-score": 0.8759124087591242,
      "support": 424.0
    },
    "Miscellaneous": {
      "precision": 0.842143906020558,
      "recall": 0.8123229461756374,
      "f1-score": 0.8269646719538573,
      "support": 1412.0
    },
    "Purchase": {
      "precision": 0.9606126914660832,
      "recall": 0.8904665314401623,
      "f1-score": 0.9242105263157896,
      "support": 493.0
    },
    "Storage": {
      "precision": 0.9343629343629344,
      "recall": 0.872072072072072,
      "f1-score": 0.9021435228331781,
      "support": 555.0
    },
    "accuracy": 0.8600397198703877,
    "macro avg": {
      "precision": 0.8805299703532856,
      "recall": 0.8441112449763041,
      "f1-score": 0.8610289943264098,
      "support": 9567.0
    },
    "weighted avg": {
      "precision": 0.8617029962273084,
      "recall": 0.8600397198703877,
      "f1-score": 0.8600840974402792,
      "support": 9567.0
    }
  },
  "confusion_matrix": [
    [
      1268,
      7,
      30,
      77,
      6,
      32,
      1,
      4
    ],
    [
      8,
      244,
      12,
      75,
      1,
      11,
      1,
      0
    ],
    [
      26,
      5,
      1893,
      178,
      14,
      59,
      0,
      8
    ],
    [
      67,
      31,
      113,
      2393,
      9,
      86,
      13,
      11
    ],
    [
      4,
      0,
      24,
      27,
      360,
      9,
      0,
      0
    ],
    [
      28,
      4,
      82,
      132,
      7,
      1147,
      3,
      9
    ],
    [
      3,
      4,
      5,
      32,
      1,
      7,
      439,
      2
    ],
    [
      3,
      2,
      23,
      32,
      0,
      11,
      0,
      484
    ]
  ],
  "classes": [
    "Access",
    "Administrative rights",
    "HR Support",
    "Hardware",
    "Internal Project",
    "Miscellaneous",
    "Purchase",
    "Storage"
  ]
}